1980,1,Jim McMahon,Brigham Young,WAC,12,284,445,4571,10.3,10.6,47,18,176.9,95,56,0.6
1980,2,Steve Woods,Chattanooga,Southern,11,100,194,1827,9.4,8.2,17,13,146.2,88,41,0.5
1980,3,,Purdue,Big Ten,12,242,368,3212,8.7,7.9,23,17,150.5,33,-186,-5.6
1980,4,Ricky Hardin,Utah,WAC,11,179,290,2458,8.5,6.6,15,19,136.9,46,-167,-3.6
1980,5,,Ohio State,Big Ten,12,122,226,1930,8.5,8.1,15,9,139.7,143,325,2.3
1980,6,Samoa Samoa,Washington State,Pac-10,11,105,200,1668,8.3,6.8,9,11,126.4,137,453,3.3
1980,7,Larry Gentry,Nevada-Las Vegas,Ind,11,113,209,1691,8.1,6.8,22,16,141.5,99,52,0.5
1980,8,Kevin Starkey,Long Beach State,PCAA,11,138,248,1955,7.9,6.5,19,16,134.2,108,282,2.6
1980,9,Tom Flick,Washington,Pac-10,11,168,280,2178,7.8,7.1,15,11,135.2,33,-87,-2.6
1980,10,Rick Casko,Drake,MVC,11,147,275,2154,7.8,6.9,16,13,129.0,144,323,2.2
1980,11,Ed McMichael,Rutgers,Ind,11,146,229,1761,7.7,6.4,10,11,133.2,47,-213,-4.5
1980,12,John Elway,Stanford,Pac-10,11,248,379,2889,7.6,7.7,27,11,147.2,100,50,0.5
1980,13,Wayne Schuchts,Colgate,Ind,10,101,206,1556,7.6,5.2,10,15,113.9,62,96,1.5
1980,14,Homer Jordan,Clemson,ACC,11,85,172,1311,7.6,6.0,4,8,111.8,153,372,2.4
1981,1,Sam King,Nevada-Las Vegas,Ind,12,255,433,3778,8.7,7.6,18,19,137.1,74,-216,-2.9
1981,2,Gary Kubiak,Texas A&M,SWC,11,111,209,1808,8.7,6.9,11,13,130.7,119,178,1.5
1981,3,Steve Stamp,Texas Christian,SWC,8,130,235,2013,8.6,6.5,14,17,132.5,69,-158,-2.3
1981,4,Doug Flutie,Boston College,Ind,11,105,192,1652,8.6,7.8,10,8,135.8,67,79,1.2
1981,5,Buck Belue,Georgia,SEC,11,114,188,1603,8.5,7.6,12,9,143.8,76,102,1.3
1981,6,Jim McMahon,Brigham Young,WAC,12,272,423,3555,8.4,9.1,30,7,155.0,64,-97,-1.5
1981,7,Scott Campbell,Purdue,Big Ten,11,185,321,2686,8.4,7.7,18,13,138.3,123,123,1.0
1981,8,Jim Kelly,Miami (FL),Ind,11,168,285,2403,8.4,7.2,14,14,136.2,72,5,0.1
1981,9,Tony Eason,Illinois,Big Ten,11,248,406,3360,8.3,7.7,20,14,140.0,87,-29,-0.3
1981,10,Jay Jeffrey,Baylor,SWC,11,111,198,1643,8.3,6.5,9,12,128.6,99,228,2.3
1981,11,,Clemson,ACC,12,107,196,1630,8.3,7.2,9,9,130.4,168,486,2.9
1981,12,Prince McJunkins,Wichita State,MVC,11,97,210,1725,8.2,6.4,8,12,116.3,173,765,4.4
1981,13,,Michigan,Big Ten,12,97,210,1661,7.9,7.0,15,11,125.7,134,674,5.0
1981,14,Bob Holly,Princeton,Ivy,10,206,338,2622,7.8,7.5,16,9,136.4,64,-176,-2.8
1982,1,,UCLA,Pac-10,12,209,336,2986,8.9,8.8,21,10,151.5,134,138,1.0
1982,2,John Bond,Mississippi State,SEC,11,91,183,1591,8.7,6.8,7,11,123.4,144,609,4.2
1982,3,,Fresno State,PCAA,12,184,348,2993,8.6,7.1,24,22,135.2,67,-68,-1.0
1982,4,,Ohio State,Big Ten,12,96,187,1602,8.6,6.8,8,11,125.7,68,182,2.7
1982,5,Steve Young,Brigham Young,WAC,11,230,367,3100,8.4,7.2,18,18,140.0,114,407,3.6
1982,6,Wayne Peace,Florida,SEC,11,174,246,2053,8.3,7.2,8,10,143.4,55,-158,-2.9
1982,7,Ben Bennett,Duke,ACC,11,236,374,3033,8.1,7.7,20,12,142.5,52,-148,-2.8
1982,8,Lionel Wilson,Houston,SWC,10,85,171,1386,8.1,5.3,5,13,112.2,172,403,2.3
1982,9,John Elway,Stanford,Pac-10,11,262,405,3242,8.0,7.9,24,12,145.6,59,-138,-2.3
1982,10,,Boston College,Ind,12,162,348,2749,7.9,6.1,13,20,113.7,90,270,3.0
1982,11,Mark McKay,San Diego State,WAC,12,142,250,1985,7.9,7.2,11,9,130.8,67,4,0.1
1982,12,Jim Bob Taylor,Georgia Tech,Ind,11,135,232,1839,7.9,5.9,3,12,118.7,76,-8,-0.1
1982,13,Brian McClure,Bowling Green State,MAC,11,113,176,1391,7.9,5.5,8,13,130.8,37,-63,-1.7
1982,14,Ken Vierra,Utah,WAC,9,85,166,1315,7.9,7.9,13,6,136.4,52,-24,-0.5
1983,1,Chuck Long,Iowa,Big Ten,11,144,236,2434,10.3,10.0,14,8,160.4,85,-30,-0.4
1983,2,Marlon Adler,Missouri,Big 8,11,102,175,1603,9.2,7.1,11,13,141.1,125,267,2.1
1983,3,Steve Young,Brigham Young,WAC,11,306,429,3902,9.1,9.6,33,10,168.5,102,444,4.4
1983,4,Cody Carlson,Baylor,SWC,,98,180,1617,9.0,8.3,12,8,143.0,29,-40,-1.4
1983,5,Mike Eppley,Clemson,ACC,11,99,166,1410,8.5,7.6,13,9,146.0,47,63,1.3
1983,6,,UCLA,Pac-10,12,185,267,2245,8.4,7.7,13,10,148.5,72,-171,-2.4
1983,7,Raphel Cherry,Hawaii,WAC,11,170,299,2478,8.3,7.2,18,15,136.3,147,256,1.7
1983,8,,Ohio State,Big Ten,12,131,237,1942,8.2,6.8,13,13,131.2,69,250,3.6
1983,9,Brad Baumberger,Wyoming,WAC,12,112,189,1551,8.2,7.6,10,7,138.2,185,534,2.9
1983,10,Randall Cunningham,Nevada-Las Vegas,PCAA,11,189,316,2545,8.1,8.1,18,8,141.2,106,133,1.3
1983,11,Frank Seurer,Kansas,Big 8,11,187,353,2789,7.9,6.3,14,19,121.7,57,-129,-2.3
1983,12,Doug Flutie,Boston College,Ind,11,177,345,2724,7.9,6.9,17,15,125.2,68,241,3.5
1983,13,Boomer Esiason,Maryland,ACC,10,163,294,2322,7.9,7.7,15,8,133.2,47,-32,-0.7
1983,14,Jeff Hostetler,West Virginia,Ind,11,163,286,2247,7.9,7.3,14,10,132.1,88,41,0.5
1984,1,John Dewberry,Georgia Tech,ACC,11,126,206,1846,9.0,7.8,11,10,144.4,98,329,3.4
1984,2,Don King,Southern Methodist,SWC,11,93,177,1598,9.0,8.4,8,6,136.5,119,421,3.5
1984,3,,Iowa,Big Ten,13,216,322,2871,8.9,8.5,22,13,156.4,91,-154,-1.7
1984,4,Bernie Kosar,Miami (FL),Ind,12,262,416,3642,8.8,8.2,25,16,148.7,52,-230,-4.4
1984,5,Kerwin Bell,Florida,SEC,11,98,184,1614,8.8,8.8,16,7,148.0,40,-5,-0.1
1984,6,Mark Stevens,Utah,WAC,12,117,216,1889,8.7,7.9,11,9,136.1,157,452,2.9
1984,7,,Boston College,Ind,12,246,423,3634,8.6,8.6,30,13,147.6,66,379,5.7
1984,8,Frank Reich,Maryland,ACC,9,108,169,1446,8.6,8.3,9,5,147.4,39,-140,-3.6
1984,9,Robbie Bosco,Brigham Young,WAC,12,283,458,3875,8.5,8.8,33,11,151.8,85,57,0.7
1984,10,Doug Gaynor,Long Beach State,PCAA,10,248,385,3230,8.4,7.2,16,17,139.8,93,13,0.1
1984,11,Steve Beuerlein,Notre Dame,Ind,10,140,232,1920,8.3,5.4,7,18,124.3,58,-75,-1.3
1984,12,Bob DeMarco,Central Michigan,MAC,11,98,173,1427,8.2,8.6,12,4,144.2,72,156,2.2
1984,13,,Nevada-Las Vegas,PCAA,13,225,360,2898,8.1,8.2,26,10,148.4,105,29,0.3
1984,14,,Ohio State,Big Ten,12,145,244,1952,8.0,6.8,10,11,131.1,44,-1,0.0
1985,1,Kerwin Bell,Florida,SEC,11,180,288,2687,9.3,9.5,21,8,159.4,54,-218,-4.0
1985,2,Vinny Testaverde,Miami (FL),Ind,11,216,352,3238,9.2,8.5,21,15,149.8,68,-158,-2.3
1985,3,Billy Rucker,New Mexico,WAC,11,134,268,2475,9.2,7.3,10,16,127.9,164,382,2.3
1985,4,Kevin Sweeney,Fresno State,PCAA,11,177,295,2604,8.8,8.7,14,7,145.1,78,40,0.5
1985,5,Mike Shula,Alabama,SEC,11,138,229,2009,8.8,8.6,16,8,150.0,52,28,0.5
1985,6,,Michigan,Big Ten,12,145,227,1976,8.7,9.1,18,6,157.9,79,139,1.8
1985,7,Chuck Long,Iowa,Big Ten,11,231,351,2978,8.5,8.0,26,15,153.0,40,-91,-2.3
1985,8,,UCLA,Pac-10,12,136,214,1819,8.5,7.3,10,10,141.0,54,54,1.0
1985,9,Robbie Bosco,Brigham Young,WAC,13,338,511,4273,8.4,7.4,30,24,146.4,67,-132,-2.0
1985,10,Sammy Garza,Texas-El Paso,WAC,11,120,200,1654,8.3,6.2,6,12,127.4,107,-48,-0.4
1985,11,Lee Saltz,Temple,Ind,11,107,229,1875,8.2,7.8,13,8,127.2,60,-1,0.0
1985,12,Jim Everett,Purdue,Big Ten,11,285,450,3651,8.1,8.0,23,11,143.5,68,-62,-0.9
1985,13,Todd Santos,San Diego State,WAC,12,226,357,2877,8.1,7.1,21,17,140.9,47,-111,-2.4
1985,14,John Dewberry,Georgia Tech,ACC,11,110,193,1557,8.1,7.2,10,8,133.6,106,78,0.7
1986,1,,Michigan,Big Ten,13,180,277,2729,9.9,8.8,10,11,151.7,94,118,1.3
1986,2,Vinny Testaverde,Miami (FL),Ind,11,175,276,2557,9.3,9.7,26,9,165.8,46,-103,-2.2
1986,3,Todd Ellis,South Carolina,Ind,11,205,340,3020,8.9,7.1,20,22,141.4,96,-45,-0.5
1986,4,Dave Yarema,Michigan State,Big Ten,11,200,297,2581,8.7,8.1,16,11,150.7,42,-222,-5.3
1986,5,Steve Beuerlein,Notre Dame,Ind,11,151,259,2211,8.5,8.3,13,7,141.2,53,35,0.7
1986,6,Lee Saltz,Temple,Ind,11,117,203,1729,8.5,8.1,12,7,141.8,85,-14,-0.2
1986,7,Jeff Francis,Tennessee,SEC,11,150,233,1946,8.4,8.0,9,6,142.1,38,-91,-2.4
1986,8,Kevin Sweeney,Fresno State,PCAA,11,160,284,2363,8.3,8.0,15,9,137.3,111,-186,-1.7
1986,9,Ed Blount,Washington State,Pac-10,11,117,227,1882,8.3,7.1,11,11,127.5,119,183,1.5
1986,10,Ned James,New Mexico,WAC,12,125,215,1777,8.3,7.9,14,8,141.6,150,527,3.5
1986,11,,Arizona State,Pac-10,12,160,269,2181,8.1,7.5,17,11,140.3,44,31,0.7
1986,12,Shawn Halloran,Boston College,Ind,11,159,258,2090,8.1,8.4,17,6,146.8,44,-40,-0.9
1986,13,James Jackson,Georgia,SEC,10,100,181,1475,8.1,7.7,9,6,133.5,108,410,3.8
1986,14,,Iowa,Big Ten,12,108,180,1456,8.1,8.1,11,5,142.6,18,-116,-6.4
1987,1,Don McPherson,Syracuse,Ind,11,129,229,2341,10.2,10.0,22,11,164.3,110,230,2.1
1987,2,Chuck Hartlieb,Iowa,Big Ten,12,196,299,2855,9.5,9.6,19,8,161.4,41,-138,-3.4
1987,3,,UCLA,Pac-10,12,178,273,2527,9.3,9.2,17,8,157.6,79,-87,-1.1
1987,4,Mike Power,Boston College,Ind,11,133,233,2071,8.9,8.0,10,9,138.2,102,-179,-1.8
1987,5,Eric Jones,Vanderbilt,SEC,11,139,229,1954,8.5,7.8,16,11,145.8,179,665,3.7
1987,6,,Southern California,Pac-10,12,197,332,2709,8.2,7.8,21,12,141.5,70,145,2.1
1987,7,,Indiana,Big Ten,12,121,207,1707,8.2,7.5,13,9,139.8,59,55,0.9
1987,8,Todd Santos,San Diego State,WAC,12,306,492,3932,8.0,7.7,26,15,140.7,70,-244,-3.5
1987,9,Terrence Jones,Tulane,Ind,11,192,319,2551,8.0,7.4,20,13,139.9,138,383,2.8
1987,10,Tommy Hodson,Louisiana State,SEC,11,162,265,2125,8.0,7.6,15,9,140.4,22,-22,-1.0
1987,11,,San Jose State,PCAA,12,269,447,3550,7.9,7.7,23,13,138.1,43,-51,-1.2
1987,12,Warren Jones,Hawaii,WAC,12,84,168,1326,7.9,6.5,4,7,115.8,87,193,2.2
1987,13,Scooter Molander,Colorado State,WAC,12,237,407,3168,7.8,6.6,16,18,127.7,72,-414,-5.8
1987,14,Scott Secules,Virginia,ACC,11,174,296,2311,7.8,7.4,12,8,132.3,57,45,0.8
1988,1,,West Virginia,Ind,12,105,186,1915,10.3,9.9,14,8,159.2,134,610,4.6
1988,2,,Washington State,Pac-10,12,218,338,3097,9.2,9.1,24,11,158.4,129,336,2.6
1988,3,Mike Gundy,Oklahoma State,Big 8,11,153,236,2163,9.2,8.5,19,12,158.2,58,-42,-0.7
1988,4,Todd Philcox,Syracuse,Ind,11,141,234,2076,8.9,8.1,16,11,147.9,73,1,0.0
1988,5,Warren Jones,Hawaii,WAC,12,138,259,2268,8.8,8.3,19,11,142.6,201,669,3.3
1988,6,Chip Ferguson,Florida State,Ind,11,122,194,1714,8.8,7.9,16,11,153.0,18,-8,-0.4
1988,7,Mark Kamphaus,Boston College,Ind,11,100,158,1323,8.4,6.7,7,9,136.9,23,-11,-0.5
1988,8,,Indiana,Big Ten,12,119,225,1877,8.3,6.5,9,13,124.6,83,307,3.7
1988,9,Sean Covey,Brigham Young,WAC,12,174,319,2607,8.2,7.6,13,10,130.4,68,-82,-1.2
1988,10,Scott Mitchell,Utah,WAC,11,323,533,4322,8.1,7.9,29,15,141.0,56,-23,-0.4
1988,11,Chuck Hartlieb,Iowa,Big Ten,12,258,409,3310,8.1,7.8,14,9,138.0,54,-240,-4.4
1988,12,Billy Joe Tolliver,Texas Tech,SWC,11,190,354,2869,8.1,7.8,20,11,134.2,55,-182,-3.3
1988,13,Tom Sullivan,Eastern Michigan,MAC,10,114,205,1664,8.1,5.8,5,13,119.2,61,-130,-2.1
1988,14,Steve Walsh,Miami (FL),Ind,11,233,390,3115,8.0,8.1,29,12,145.2,15,-33,-2.2
1989,1,Ty Detmer,Brigham Young,WAC,12,265,412,4560,11.1,11.0,32,15,175.6,85,-127,-1.5
1989,2,Bill Scharr,Syracuse,Ind,11,107,169,1625,9.6,8.6,9,8,152.2,67,-47,-0.7
1989,3,Shawn Moore,Virginia,ACC,11,125,221,2078,9.4,9.6,18,7,156.1,139,505,3.6
1989,4,Bret Oberg,Iowa State,Big 8,11,152,245,2242,9.2,8.2,9,9,143.7,110,273,2.5
1989,5,Peter Tom Willis,Florida State,Ind,11,211,346,3124,9.0,9.0,20,9,150.7,31,-120,-3.9
1989,6,,Ohio State,Big Ten,12,144,246,2132,8.7,8.3,13,8,142.3,51,-92,-1.8
1989,7,Dan Speltz,Cal State Fullerton,Big West,11,214,309,2671,8.6,8.3,20,11,156.1,67,-63,-0.9
1989,8,Garrett Gabriel,Hawaii,WAC,12,143,249,2145,8.6,8.0,17,11,143.5,103,246,2.4
1989,9,,Michigan State,Big Ten,12,153,240,2066,8.6,7.1,9,12,138.4,110,153,1.4
1989,10,Tommy Hodson,Louisiana State,SEC,11,183,317,2655,8.4,8.1,22,12,143.4,56,-51,-0.9
1989,11,,West Virginia,Ind,12,142,245,2058,8.4,7.8,17,11,142.4,155,936,6.0
1989,12,Aaron Garcia,Washington State,Pac-10,10,115,189,1591,8.4,7.0,11,11,139.1,52,8,0.2
1989,13,Dan McGwire,San Diego State,WAC,12,258,440,3651,8.3,7.1,16,19,131.7,64,-228,-3.6
1989,14,Paul Justin,Arizona State,Pac-10,11,183,314,2591,8.3,7.9,17,10,139.1,27,-131,-4.9
1990,1,Shawn Moore,Virginia,ACC,10,144,241,2262,9.4,9.6,21,8,160.7,94,306,3.3
1990,2,Ty Detmer,Brigham Young,WAC,12,361,562,5188,9.2,8.4,41,28,155.9,73,-166,-2.3
1990,3,Rick Mirer,Notre Dame,Ind,11,110,200,1824,9.1,8.6,8,6,138.8,98,198,2.0
1990,4,Casey Weldon,Florida State,Ind,11,112,182,1600,8.8,9.1,12,4,152.7,29,21,0.7
1990,5,Craig Erickson,Miami (FL),Ind,11,225,393,3363,8.6,8.9,22,7,144.0,46,26,0.6
1990,6,Garrett Gabriel,Hawaii,WAC,12,165,320,2752,8.6,7.9,25,16,139.6,92,120,1.3
1990,7,Marvin Graves,Syracuse,Ind,10,115,200,1711,8.6,7.0,9,11,133.2,115,155,1.3
1990,8,Dan McGwire,San Diego State,WAC,11,270,449,3833,8.5,9.0,27,7,148.6,35,-169,-4.8
1990,9,Tommy Maddox,UCLA,Pac-10,11,182,327,2682,8.2,7.3,17,14,133.1,90,148,1.6
1990,10,Browning Nagle,Louisville,Ind,11,146,263,2150,8.2,7.5,16,11,135.9,43,-50,-1.2
1990,11,Shawn Jones,Georgia Tech,ACC,11,142,245,2008,8.2,7.1,13,12,134.5,91,277,3.0
1990,12,Ralph Martini,San Jose State,Big West,12,204,362,2928,8.1,7.7,23,13,138.1,51,-5,-0.1
1990,13,Bobby Fuller,South Carolina,Ind,11,171,294,2372,8.1,7.6,13,9,134.4,57,-162,-2.8
1990,14,David Klingler,Houston,SWC,11,374,643,5140,8.0,8.3,54,20,146.8,61,81,1.3
1991,1,Ty Detmer,Brigham Young,WAC,12,249,403,4031,10.0,10.4,35,12,168.5,75,-30,-0.4
1991,2,Jeff Garcia,San Jose State,Big West,9,99,160,1519,9.5,9.6,12,5,160.1,46,147,3.2
1991,3,,Fresno State,Big West,7,123,191,1777,9.3,10.1,17,4,167.7,58,213,3.7
1991,4,Rick Mirer,Notre Dame,Ind,12,132,234,2117,9.0,8.7,18,10,149.2,75,306,4.1
1991,5,J.J. Joe,Baylor,SWC,11,109,206,1853,9.0,7.9,7,8,131.9,116,147,1.3
1991,6,Shane Matthews,Florida,SEC,11,218,361,3130,8.7,8.0,28,18,148.8,50,10,0.2
1991,7,Marvin Graves,Syracuse,Big East,11,131,221,1912,8.7,7.3,10,11,136.9,99,-148,-1.5
1991,8,Keithen McCant,Nebraska,Big 8,11,97,168,1454,8.7,8.1,13,8,146.5,117,654,5.6
1991,9,Tony Sacca,Penn State,Ind,12,169,292,2488,8.5,9.2,21,5,149.8,84,-61,-0.7
1991,10,Matt Blundin,Virginia,ACC,9,135,224,1902,8.5,10.2,19,0,159.6,30,10,0.3
1991,11,Matt Veatch,San Jose State,Big West,9,110,206,1752,8.5,7.6,9,8,131.5,18,10,0.6
1991,12,Troy Kopp,Pacific,Big West,12,275,449,3767,8.4,8.4,37,16,151.8,47,-81,-1.7
1991,13,Jeff Blake,East Carolina,Ind,11,203,368,3073,8.4,8.9,28,8,146.1,77,109,1.4
1991,14,Gino Torretta,Miami (FL),Big East,11,205,371,3095,8.3,8.5,20,8,138.8,49,60,1.2
1992,1,Marvin Graves,Syracuse,Big East,11,146,242,2296,9.5,8.4,14,12,149.2,118,133,1.1
1992,2,J.J. Joe,Baylor,SWC,11,88,189,1765,9.3,7.7,14,13,135.7,135,378,2.8
1992,3,Ryan Hancock,Brigham Young,WAC,9,165,288,2635,9.1,8.3,17,13,144.6,33,-49,-1.5
1992,4,Eric Zeier,Georgia,SEC,11,151,258,2248,8.7,7.6,12,12,137.8,37,-131,-3.5
1992,5,Bert Emanuel,Rice,SWC,11,94,180,1558,8.7,8.4,11,6,138.4,163,680,4.2
1992,6,Glenn Foley,Boston College,Big East,11,146,265,2231,8.4,7.5,15,12,135.4,35,-106,-3.0
1992,7,Kordell Stewart,Colorado,Big 8,9,151,252,2109,8.4,7.7,12,9,138.8,60,-18,-0.3
1992,8,Cale Gundy,Oklahoma,Big 8,11,131,227,1914,8.4,6.3,9,15,128.4,47,-26,-0.6
1992,9,,Fresno State,WAC,13,188,360,3000,8.3,7.8,21,14,133.7,80,90,1.1
1992,10,,Michigan,Big Ten,12,129,199,1640,8.2,7.2,17,12,150.2,15,-50,-3.3
1992,11,Charles Puleri,New Mexico State,Big West,11,189,349,2788,8.0,7.0,16,15,127.8,63,-157,-2.5
1992,12,Rick Mirer,Notre Dame,Ind,11,120,234,1876,8.0,8.1,15,6,134.7,68,158,2.3
1992,13,Joe Youngblood,Central Michigan,MAC,11,161,278,2209,7.9,7.1,18,13,136.7,51,-61,-1.2
1992,14,Steve Taneyhill,South Carolina,SEC,9,86,162,1272,7.9,7.0,7,6,125.9,42,-95,-2.3
1993,1,,West Virginia,Big East,11,110,174,1688,9.7,10.3,12,3,164.0,69,166,2.4
1993,2,,Fresno State,WAC,12,254,396,3799,9.6,10.5,30,5,167.2,40,-113,-2.8
1993,3,,California,Pac-10,13,187,275,2619,9.5,9.1,21,12,164.5,75,-98,-1.3
1993,4,John Walsh,Brigham Young,WAC,11,244,397,3727,9.4,9.1,28,15,156.0,83,-307,-3.7
1993,5,Glenn Foley,Boston College,Big East,11,222,363,3397,9.4,9.5,25,10,157.0,26,-44,-1.7
1993,6,Marvin Graves,Syracuse,Big East,11,171,280,2547,9.1,8.4,15,11,147.3,102,149,1.5
1993,7,Mike McCoy,Utah,WAC,12,276,430,3860,9.0,8.9,21,10,151.1,99,109,1.1
1993,8,Danny O'Neil,Oregon,Pac-10,11,223,360,3224,9.0,8.3,22,15,149.0,97,-137,-1.4
1993,9,Maurice DeShazo,Virginia Tech,Big East,11,129,230,2080,9.0,9.6,22,7,157.5,83,97,1.2
1993,10,Tim Gutierrez,San Diego State,WAC,12,208,341,3033,8.9,9.0,24,10,153.1,36,-209,-5.8
1993,11,Chris Vargas,Nevada,Big West,11,331,490,4265,8.7,8.4,34,18,156.2,45,67,1.5
1993,12,,Wisconsin,Big Ten,12,187,276,2390,8.7,8.2,19,11,155.2,35,-3,-0.1
1993,13,Jason Stanicek,North Carolina,ACC,12,139,217,1878,8.7,7.7,12,10,145.8,109,406,3.7
1993,14,Jeff Brohm,Louisville,Ind,11,185,304,2626,8.6,8.6,20,9,149.2,78,45,0.6
1994,1,Kerry Collins,Penn State,Big Ten,11,176,264,2679,10.1,10.5,21,7,172.9,12,-19,-1.6
1994,2,,Southern California,Pac-10,11,186,276,2499,9.1,9.2,15,6,157.0,67,-235,-3.5
1994,3,John Gustin,Wyoming,WAC,12,181,306,2757,9.0,8.2,17,13,144.7,72,38,0.5
1994,4,Billy Blanton,San Diego State,WAC,11,112,178,1586,8.9,9.1,15,6,158.8,40,-118,-3.0
1994,5,Anthoney Hill,Colorado State,WAC,11,154,290,2552,8.8,8.0,16,12,137.0,93,163,1.8
1994,6,Jay Barker,Alabama,SEC,12,139,226,1996,8.8,9.1,14,5,151.7,87,-143,-1.6
1994,7,,Michigan,Big Ten,12,186,288,2518,8.7,8.1,13,10,146.0,53,-43,-0.8
1994,8,Kordell Stewart,Colorado,Big 8,11,147,237,2071,8.7,9.0,10,3,146.8,122,639,5.2
1994,9,Richie Donati,Fresno State,WAC,11,152,263,2254,8.6,7.9,11,9,136.7,33,-67,-2.0
1994,10,Tony Banks,Michigan State,Big Ten,11,145,238,2040,8.6,8.4,11,6,143.1,87,60,0.7
1994,11,Kevin Mason,Syracuse,Big East,11,105,189,1627,8.6,8.0,10,7,137.9,151,380,2.5
1994,12,Steve Stenstrom,Stanford,Pac-10,11,217,333,2822,8.5,8.6,16,6,148.6,56,-108,-1.9
1994,13,Max Knake,Texas Christian,SWC,11,184,316,2624,8.3,8.8,24,7,148.6,27,-84,-3.1
1994,14,Wayne Cook,UCLA,Pac-10,11,179,302,2501,8.3,8.2,15,7,140.6,62,-145,-2.3
1995,1,Danny Wuerffel,Florida,SEC,11,210,325,3266,10.0,10.8,35,10,178.4,46,-141,-3.1
1995,2,,Ohio State,Big Ten,13,211,341,3269,9.6,9.7,29,12,163.4,59,21,0.4
1995,3,Donovan McNabb,Syracuse,Big East,11,128,207,1991,9.6,9.9,16,6,162.3,123,261,2.1
1995,4,Steve Sarkisian,Brigham Young,WAC,11,250,385,3437,8.9,8.3,20,14,149.8,82,-167,-2.0
1995,5,Matt Sherman,Iowa,Big Ten,11,159,271,2411,8.9,7.6,14,14,140.1,50,-145,-2.9
1995,6,Jim Arellanes,Fresno State,WAC,8,102,172,1539,8.9,8.9,13,6,152.4,18,-72,-4.0
1995,7,Mike Maxwell,Nevada,Big West,9,277,409,3611,8.8,8.6,33,17,160.2,34,12,0.4
1995,8,Josh Wallwork,Wyoming,WAC,10,163,271,2363,8.7,8.1,21,13,149.4,49,181,3.7
1995,9,Donald Sellers,New Mexico,WAC,10,121,195,1693,8.7,9.1,11,3,150.5,134,494,3.7
1995,10,Matt Miller,Kansas State,Big 8,11,154,240,2059,8.6,8.4,22,11,157.3,129,309,2.4
1995,11,Billy Blanton,San Diego State,WAC,12,243,389,3300,8.5,8.0,23,14,146.0,69,24,0.3
1995,12,Ron Powlus,Notre Dame,Ind,10,124,217,1853,8.5,8.2,12,7,140.7,58,-34,-0.6
1995,13,Damon Huard,Washington,Pac-10,11,184,287,2415,8.4,8.2,11,6,143.3,61,55,0.9
1995,14,Raymond Philyaw,Louisiana-Monroe,Ind,10,167,320,2627,8.2,8.6,22,7,139.5,49,-43,-0.9
1996,1,Danny Wuerffel,Florida,SEC,12,207,360,3625,10.1,10.6,39,13,170.6,63,-100,-1.6
1996,2,Steve Sarkisian,Brigham Young,WAC,14,278,404,4027,10.0,10.3,33,12,173.6,82,-44,-0.5
1996,3,Billy Blanton,San Diego State,WAC,11,227,344,3221,9.4,10.4,29,5,169.6,70,-60,-0.9
1996,4,Herb Tyler,Louisiana State,SEC,11,109,188,1688,9.0,7.8,7,8,137.2,85,245,2.9
1996,5,Josh Wallwork,Wyoming,WAC,12,286,458,4090,8.9,8.9,33,15,154.7,67,119,1.8
1996,6,Jim Arellanes,Fresno State,WAC,11,173,281,2487,8.9,7.5,13,14,141.2,37,-137,-3.7
1996,7,Peyton Manning,Tennessee,SEC,11,243,380,3287,8.7,8.3,20,12,147.7,42,-131,-3.1
1996,8,Koy Detmer,Colorado,Big 12,11,208,363,3156,8.7,8.4,22,12,143.7,36,-6,-0.2
1996,9,Moses Moreno,Colorado State,WAC,12,193,335,2921,8.7,8.2,18,12,141.4,70,-18,-0.3
1996,10,Matt Sauk,Utah State,Big West,10,154,286,2489,8.7,7.1,8,14,126.4,36,79,2.2
1996,11,Chad Darnell,Central Michigan,MAC,11,189,348,2921,8.4,8.2,22,11,139.4,61,134,2.2
1996,12,Mike Fouts,Utah,WAC,11,177,302,2526,8.4,8.7,21,7,147.2,36,-79,-2.2
1996,13,Ron Powlus,Notre Dame,Ind,11,133,232,1942,8.4,8.6,12,4,141.3,53,8,0.2
1996,14,,California,Pac-10,12,250,420,3499,8.3,9.0,31,8,150.1,86,-83,-1.0
1997,1,,UCLA,Pac-10,12,189,312,3116,10.0,10.7,24,6,166.0,79,26,0.3
1997,2,,Washington State,Pac-10,12,227,410,3968,9.7,10.1,34,11,158.7,82,-48,-0.6
1997,3,John Dutton,Nevada,Big West,11,225,367,3526,9.6,10.0,20,6,156.7,44,-4,-0.1
1997,4,Donovan McNabb,Syracuse,Big East,12,145,265,2488,9.4,9.9,20,6,154.0,110,404,3.7
1997,5,Mike Bobo,Georgia,SEC,12,199,306,2751,9.0,9.1,19,8,155.8,40,-70,-1.8
1997,6,Moses Moreno,Colorado State,WAC,12,157,257,2257,8.8,8.8,20,9,153.5,56,-97,-1.7
1997,7,Brock Huard,Washington,Pac-10,10,146,244,2140,8.8,8.8,23,10,156.4,31,-82,-2.6
1997,8,,Ohio State,Big Ten,13,129,210,1847,8.8,8.4,16,9,151.9,32,-132,-4.1
1997,9,Mike McQueary,Penn State,Big Ten,12,146,255,2211,8.7,8.4,17,9,145.0,53,-27,-0.5
1997,10,Corby Jones,Missouri,Big 12,11,102,191,1658,8.7,8.5,12,6,140.8,183,887,4.8
1997,11,,Oregon,Pac-10,10,104,187,1631,8.7,8.7,18,8,152.1,36,68,1.9
1997,12,Joe Hamilton,Georgia Tech,ACC,11,173,268,2314,8.6,8.4,12,7,146.6,140,478,3.4
1997,13,Thad Busby,Florida State,ACC,11,235,390,3317,8.5,8.6,25,10,147.7,57,-16,-0.3
1997,14,Aaron Brooks,Virginia,ACC,11,164,270,2282,8.5,8.8,20,7,151.0,85,255,3.0
1998,1,,Oregon,Pac-10,12,215,371,3763,10.1,10.9,32,8,167.3,82,184,2.2
1998,2,,UCLA,Pac-10,12,207,357,3470,9.7,9.7,25,11,156.6,75,182,2.4
1998,3,,Tulane,CUSA,12,246,366,3508,9.6,10.9,38,6,178.7,156,641,4.1
1998,4,Michael Bishop,Kansas State,Big 12,12,164,295,2844,9.6,10.4,23,5,158.9,177,748,4.2
1998,5,David Neill,Nevada,Big West,9,199,344,3249,9.4,10.0,29,9,159.8,65,102,1.6
1998,6,,Notre Dame,Ind,11,104,188,1740,9.3,9.2,13,6,149.5,113,441,3.9
1998,7,Daunte Culpepper,Central Florida,Ind,11,296,402,3690,9.2,9.8,28,7,170.2,141,463,3.3
1998,8,Major Applewhite,Texas,Big 12,11,159,273,2453,9.0,8.5,18,11,147.4,33,-63,-1.9
1998,9,Tim Rattay,Louisiana Tech,Ind,12,380,559,4943,8.8,9.4,46,13,164.8,43,-78,-1.8
1998,10,,Ohio State,Big Ten,12,230,384,3330,8.7,9.2,25,7,150.6,62,-83,-1.3
1998,11,Chris Weinke,Florida State,ACC,10,145,286,2487,8.7,9.1,19,6,141.5,47,-168,-3.6
1998,12,,West Virginia,Big East,12,274,419,3607,8.6,9.0,31,10,157.3,33,-92,-2.8
1998,13,Quincy Carter,Georgia,SEC,11,176,290,2484,8.6,8.0,12,9,140.1,99,284,2.9
1998,14,Doug Johnson,Florida,SEC,10,154,274,2346,8.6,8.6,19,8,145.2,29,-66,-2.3
1999,1,,Virginia Tech,Big East,12,105,182,2065,11.3,11.5,13,5,171.1,131,682,5.2
1999,2,Joe Hamilton,Georgia Tech,ACC,11,203,305,3060,10.0,10.3,29,11,175.0,154,734,4.8
1999,3,Chad Pennington,Marshall,MAC,12,275,405,3799,9.4,10.0,37,11,171.4,56,103,1.8
1999,4,Ben Leard,Auburn,SEC,7,111,157,1423,9.1,10.3,12,1,170.8,20,-85,-4.3
1999,5,Jonathan Beasley,Kansas State,Big 12,11,90,203,1805,8.9,8.7,14,7,134.9,105,227,2.2
1999,6,Jarious Jackson,Notre Dame,Ind,12,184,316,2753,8.7,7.8,17,14,140.3,140,464,3.3
1999,7,Todd Husak,Stanford,Pac-10,10,176,308,2688,8.7,8.3,18,11,142.6,30,3,0.1
1999,8,Mike Bath,Miami (OH),MAC,11,138,295,2525,8.6,8.2,24,13,136.7,65,-86,-1.3
1999,9,Jay Stuckey,Texas-El Paso,WAC,12,145,225,1918,8.5,7.3,15,13,146.5,63,62,1.0
1999,10,Jay Stoner,Wyoming,MWC,9,135,222,1859,8.4,7.7,8,7,136.7,66,-94,-1.4
1999,11,Keith Smith,Arizona,Pac-10,11,131,228,1903,8.3,7.6,10,8,135.0,51,151,3.0
1999,12,David Priestley,Pittsburgh,Big East,9,92,158,1305,8.3,8.2,6,3,136.3,28,-104,-3.7
1999,13,Chris Weinke,Florida State,ACC,11,232,377,3103,8.2,7.9,25,14,145.1,31,-109,-3.5
1999,14,Antwaan Randle El,Indiana,Big Ten,11,150,279,2277,8.2,8.3,17,7,137.4,224,788,3.5
2000,1,Chris Weinke,Florida State,ACC,12,266,431,4167,9.7,10.1,33,11,163.1,30,-97,-3.2
2000,2,Bart Hendricks,Boise State,Big West,11,210,347,3364,9.7,10.7,35,8,170.6,85,269,3.2
2000,3,John Turman,Pittsburgh,Big East,11,128,233,2135,9.2,9.4,18,7,151.4,65,-18,-0.3
2000,4,Casey Printers,Texas Christian,WAC,11,102,176,1584,9.0,9.3,16,6,156.7,84,265,3.2
2000,5,Cory Paus,UCLA,Pac-10,8,126,226,2007,8.9,8.5,16,9,145.7,36,-148,-4.1
2000,6,Troy Nunes,Syracuse,Big East,11,94,154,1366,8.9,5.8,8,14,134.5,78,106,1.4
2000,7,Rex Grossman,Florida,SEC,11,131,212,1866,8.8,9.3,21,7,161.8,27,-76,-2.8
2000,8,Mike Thiessen,Air Force,MWC,11,112,195,1687,8.7,8.8,13,5,147.0,179,713,4.0
2000,9,Ken Dorsey,Miami (FL),Big East,11,188,322,2737,8.5,9.4,25,5,152.3,16,-23,-1.4
2000,10,Drew Henson,Michigan,Big Ten,8,131,217,1852,8.5,9.2,16,4,152.7,27,30,1.1
2000,11,Jason Thomas,Nevada-Las Vegas,MWC,11,106,201,1708,8.5,7.9,14,9,138.1,138,599,4.3
2000,12,Jonathan Beasley,Kansas State,Big 12,13,156,313,2636,8.4,8.1,17,10,132.1,149,499,3.3
2000,13,George Godsey,Georgia Tech,ACC,11,222,349,2906,8.3,8.9,23,6,151.9,55,39,0.7
2000,14,,Oregon State,Pac-10,12,170,338,2773,8.2,8.5,20,7,134.6,56,-165,-2.9
2001,1,Rex Grossman,Florida,SEC,11,259,395,3896,9.9,10.2,34,12,170.8,34,8,0.2
2001,2,,Michigan State,Big Ten,11,166,262,2579,9.8,10.1,21,8,166.4,81,-58,-0.7
2001,3,Chris Rix,Florida State,ACC,11,165,286,2734,9.6,9.2,24,13,156.6,99,389,3.9
2001,4,Ryan Dinwiddie,Boise State,WAC,11,201,322,3043,9.5,9.7,29,11,164.7,71,97,1.4
2001,5,,Fresno State,WAC,14,344,533,4839,9.1,10.0,46,9,165.9,94,67,0.7
2001,6,Rohan Davey,Louisiana State,SEC,12,217,367,3347,9.1,8.9,18,10,146.5,38,4,0.1
2001,7,Jeff Krohn,Arizona State,Pac-10,10,115,213,1942,9.1,9.4,19,7,153.4,46,-15,-0.3
2001,8,Wes Counts,Middle Tennessee State,Sun Belt,11,188,259,2327,9.0,9.6,17,4,166.6,67,144,2.1
2001,9,Cory Paus,UCLA,Pac-10,10,101,194,1740,9.0,7.9,8,8,132.8,39,-163,-4.2
2001,10,Byron Leftwich,Marshall,MAC,12,315,470,4132,8.8,9.7,38,7,164.6,64,92,1.4
2001,11,Brandon Doman,Brigham Young,MWC,13,261,408,3542,8.7,9.4,33,8,159.7,141,503,3.6
2001,12,David Greene,Georgia,SEC,11,192,324,2789,8.6,8.4,17,9,143.3,47,41,0.9
2001,13,Steve Bellisari,Ohio State,Big Ten,9,98,185,1599,8.6,8.0,8,6,133.4,72,97,1.3
2001,14,Casey Clausen,Tennessee,SEC,12,227,354,2969,8.4,8.5,22,9,150.0,64,-36,-0.6
2002,1,,Boise State,WAC,9,134,205,2283,11.1,12.4,20,3,188.2,36,-36,-1.0
2002,2,,UCLA,Pac-10,7,109,184,1647,9.0,8.6,10,6,145.8,28,-88,-3.1
2002,3,Ryan Schneider,Central Florida,MAC,12,265,430,3770,8.8,8.5,31,16,151.6,37,-89,-2.4
2002,4,,Iowa,Big Ten,13,170,294,2573,8.8,9.8,26,5,157.1,81,423,5.2
2002,5,,Maryland,ACC,14,162,284,2497,8.8,8.3,15,10,141.3,88,284,3.2
2002,6,,Maryland,ACC,14,162,284,2497,8.8,8.3,15,10,141.3,88,284,3.2
2002,7,,Marshall,MAC,12,331,491,4268,8.7,9.0,30,10,156.5,37,-1,0.0
2002,8,,Miami (FL),Big East,13,222,393,3369,8.6,8.6,28,12,145.9,23,-39,-1.7
2002,9,,Virginia Tech,Big East,14,158,248,2134,8.6,7.6,12,11,143.1,171,507,3.0
2002,10,Darian Durant,North Carolina,ACC,8,147,248,2122,8.6,8.2,16,9,145.2,86,163,1.9
2002,11,,Washington State,Pac-10,13,236,402,3408,8.5,8.4,28,13,146.4,54,-116,-2.1
2002,12,,Ohio State,Big Ten,14,148,249,2110,8.5,8.2,12,7,140.9,125,368,2.9
2002,13,,Wake Forest,ACC,13,123,223,1837,8.2,8.1,8,4,132.6,68,177,2.6
2002,14,,Southern California,Pac-10,13,309,489,3942,8.1,8.5,33,10,149.1,50,-122,-2.4
2003,1,,Boise State,WAC,14,276,446,4356,9.8,10.5,31,7,163.7,81,43,0.5
2003,2,,Colorado State,MWC,13,180,297,2845,9.6,8.9,19,13,153.4,170,909,5.3
2003,3,,Minnesota,Big Ten,13,158,250,2401,9.6,10.1,17,5,162.3,88,370,4.2
2003,4,,North Carolina State,ACC,13,348,483,4491,9.3,10.1,34,7,170.5,78,109,1.4
2003,5,Stan Hill,Marshall,MAC,6,133,191,1767,9.3,9.2,15,7,165.9,30,21,0.7
2003,6,,Miami (OH),MAC,14,342,495,4486,9.1,9.6,37,10,165.8,67,111,1.7
2003,7,,Kansas,Big 12,10,159,263,2385,9.1,9.4,18,6,154.7,127,534,4.2
2003,8,,Wisconsin,Big Ten,12,140,248,2251,9.1,8.8,17,9,148.1,67,-10,-0.1
2003,9,,Pittsburgh,Big East,13,247,413,3679,8.9,9.2,37,14,157.4,136,150,1.1
2003,10,Buck Pierce,New Mexico State,Sun Belt,11,118,170,1510,8.9,8.1,7,6,150.6,87,277,3.2
2003,11,,Southern California,Pac-10,13,255,402,3556,8.8,9.7,38,9,164.5,32,-62,-1.9
2003,12,,Louisville,CUSA,13,219,357,3145,8.8,8.5,17,10,145.5,71,405,5.7
2003,13,,Houston,CUSA,13,220,360,3131,8.7,9.3,25,6,153.8,139,346,2.5
2003,14,,Houston,CUSA,13,220,360,3131,8.7,9.3,25,6,153.8,139,346,2.5
2004,1,,Louisville,CUSA,12,189,257,2596,10.1,11.1,20,3,181.7,71,333,4.7
2004,2,,Auburn,SEC,13,188,270,2700,10.0,10.3,20,7,172.9,58,30,0.5
2004,3,,Utah,MWC,12,214,317,2952,9.3,10.8,32,4,176.5,135,631,4.7
2004,4,,Boise State,WAC,12,206,327,2927,9.0,8.3,16,12,147.0,130,326,2.5
2004,5,,Toledo,MAC,13,280,399,3518,8.8,9.3,27,8,162.6,91,191,2.1
2004,6,Jared Allen,Florida Atlantic,Sun Belt,12,177,291,2554,8.8,8.4,13,8,143.8,63,-13,-0.2
2004,7,,Bowling Green State,MAC,12,309,462,4002,8.7,10.0,41,4,167.2,95,300,3.2
2004,8,,Oklahoma State,Big 12,12,97,187,1628,8.7,8.9,13,5,142.6,123,436,3.5
2004,9,,Alabama-Birmingham,CUSA,12,197,358,3070,8.6,9.0,26,8,146.6,81,-44,-0.5
2004,10,,Georgia,SEC,12,175,299,2508,8.4,9.1,20,4,148.4,23,-67,-2.9
2004,11,,West Virginia,Big East,9,102,171,1426,8.3,8.6,16,6,153.6,130,684,5.3
2004,12,,Oklahoma,Big 12,13,255,390,3205,8.2,9.0,35,9,159.4,23,-56,-2.4
2004,13,Justin Holland,Colorado State,MWC,6,121,197,1622,8.2,6.6,6,10,130.5,19,-82,-4.3
2004,14,,Southern California,Pac-10,13,269,412,3322,8.1,9.0,33,6,156.5,49,-44,-0.9
2005,1,,Arizona State,Pac-10,9,156,228,2273,10.0,11.1,17,2,175.0,42,-9,-0.2
2005,2,,Louisville,Big East,10,207,301,2883,9.6,10.1,19,5,166.7,41,-36,-0.9
2005,3,,Ohio State,Big Ten,11,149,237,2282,9.6,10.2,16,4,162.7,136,611,4.5
2005,4,,Texas,Big 12,13,212,325,3036,9.3,9.6,26,10,163.9,155,1050,6.8
2005,5,,Southern California,Pac-10,13,283,431,3815,8.9,9.3,28,8,157.7,51,36,0.7
2005,6,,Wisconsin,Big Ten,13,197,328,2920,8.9,8.9,21,9,150.5,86,-32,-0.4
2005,7,,Utah,MWC,10,210,330,2892,8.8,8.9,18,7,151.0,152,478,3.1
2005,8,,Notre Dame,Ind,12,292,450,3919,8.7,9.4,32,7,158.4,70,90,1.3
2005,9,Drew Stanton,Michigan State,Big Ten,11,236,354,3077,8.7,8.4,22,12,153.4,121,338,2.8
2005,10,,Colorado State,MWC,12,235,369,3185,8.6,8.0,23,15,148.6,37,-174,-4.7
2005,11,,UCLA,Pac-10,12,242,378,3198,8.5,9.5,34,6,161.6,50,-48,-1.0
2005,12,,Minnesota,Big Ten,11,176,297,2530,8.5,8.4,19,9,145.9,24,30,1.3
2005,13,Colt Brennan,Hawaii,WAC,12,350,515,4301,8.4,8.6,35,13,155.5,99,154,1.6
2005,14,,Rutgers,Big East,10,155,255,2135,8.4,8.4,18,8,148.1,25,-18,-0.7
2006,1,,Hawaii,WAC,14,406,559,5549,9.9,11.0,58,12,186.0,86,366,4.3
2006,2,,Louisville,Big East,11,199,313,3049,9.7,10.0,16,5,159.1,47,45,1.0
2006,3,,Brigham Young,MWC,12,289,417,3885,9.3,10.0,32,8,169.1,50,-8,-0.2
2006,4,,Louisiana State,SEC,13,232,342,3129,9.1,9.7,28,8,167.0,52,142,2.7
2006,5,,Boise State,WAC,13,191,288,2587,9.0,9.3,23,8,162.6,98,197,2.0
2006,6,Tyler Palko,Pittsburgh,Big East,12,220,322,2871,8.9,9.2,25,9,163.2,66,77,1.2
2006,7,,South Carolina,SEC,9,135,202,1789,8.9,8.5,10,6,151.6,25,47,1.9
2006,8,,Houston,CUSA,14,292,432,3809,8.8,9.8,30,4,162.7,111,154,1.4
2006,9,,Tennessee,SEC,12,233,348,2989,8.6,8.5,19,9,151.9,26,-102,-3.9
2006,10,,Oklahoma State,Big 12,13,148,267,2266,8.5,8.4,24,11,148.1,119,500,4.2
2006,11,Jordan Palmer,Texas-El Paso,CUSA,12,282,429,3595,8.4,8.1,26,14,149.6,47,-86,-1.8
2006,12,,Kentucky,SEC,13,264,419,3515,8.4,9.1,31,7,154.5,70,-137,-2.0
2006,13,,San Jose State,WAC,13,181,276,2284,8.3,8.7,21,7,155.1,90,224,2.5
2006,14,Chase Holbrook,New Mexico State,WAC,12,396,566,4619,8.2,8.6,34,9,155.2,80,-78,-1.0
2007,1,,Florida,SEC,13,234,350,3286,9.4,10.4,32,6,172.5,210,895,4.3
2007,2,,Tulsa,CUSA,14,327,544,5065,9.3,9.5,47,19,159.8,105,119,1.1
2007,3,,Oklahoma,Big 12,14,237,341,3121,9.2,10.2,36,8,176.5,31,7,0.2
2007,4,,Rutgers,Big East,13,203,349,3147,9.0,8.5,20,13,145.4,10,-49,-4.9
2007,5,,Nevada,WAC,11,133,247,2175,8.8,9.8,19,3,150.8,105,593,5.6
2007,6,,Hawaii,WAC,12,359,510,4343,8.5,8.5,38,17,159.8,82,27,0.3
2007,7,Brian Brohm,Louisville,Big East,12,308,473,4024,8.5,8.6,30,12,152.4,57,-46,-0.8
2007,8,,Oklahoma State,Big 12,13,201,333,2824,8.5,8.6,23,9,149.0,140,847,6.1
2007,9,Caleb Hanie,Colorado State,MWC,12,188,293,2455,8.4,7.3,18,15,144.6,92,6,0.1
2007,10,,Oregon,Pac-10,10,172,254,2136,8.4,9.3,20,4,161.2,105,583,5.6
2007,11,Case Keenum,Houston,CUSA,13,187,273,2259,8.3,7.7,14,10,147.6,103,412,4.0
2007,12,,Cincinnati,Big East,12,235,386,3121,8.1,8.6,31,9,150.6,100,377,3.8
2007,13,,Cincinnati,Big East,12,235,386,3121,8.1,8.6,31,9,150.6,99,377,3.8
2007,14,,Maryland,ACC,11,153,241,1958,8.1,7.4,7,7,135.5,44,-26,-0.6
2008,1,,Tulsa,CUSA,14,258,400,4059,10.1,10.4,46,18,178.7,92,186,2.0
2008,2,,Oklahoma,Big 12,14,328,483,4720,9.8,11.1,50,8,180.8,42,47,1.1
2008,3,,Oklahoma State,Big 12,13,204,314,3064,9.8,9.9,25,10,166.8,146,562,3.8
2008,4,,Florida,SEC,14,192,298,2746,9.2,10.6,30,4,172.4,176,673,3.8
2008,5,,Ball State,MAC,14,258,401,3591,9.0,9.4,26,8,157.0,66,312,4.7
2008,6,,Georgia,SEC,13,235,383,3459,9.0,9.2,25,10,153.5,55,40,0.7
2008,7,,Texas,Big 12,13,332,433,3859,8.9,9.7,34,8,173.8,136,561,4.1
2008,8,,Southern California,Pac-10,13,241,366,3207,8.8,9.4,34,10,164.6,52,16,0.3
2008,9,,Boise State,WAC,13,281,405,3486,8.6,8.7,25,10,157.1,38,-30,-0.8
2008,10,,Rutgers,Big East,13,243,396,3418,8.6,8.4,25,13,148.1,24,-73,-3.0
2008,11,,Houston,CUSA,13,397,589,5020,8.5,9.2,44,11,159.9,76,221,2.9
2008,12,,Nebraska,Big 12,13,285,420,3568,8.5,8.5,25,11,153.6,92,258,2.8
2008,13,,Rice,CUSA,13,326,490,4119,8.4,9.6,44,7,163.9,154,693,4.5
2008,14,,Mississippi,SEC,13,184,327,2762,8.4,8.2,26,13,145.5,57,60,1.1
2009,1,,Southern Methodist,CUSA,7,135,201,1922,9.6,9.7,10,4,159.9,51,42,0.8
2009,2,,Virginia Tech,ACC,13,136,243,2311,9.5,9.7,13,5,149.4,106,370,3.5
2009,3,,Idaho,WAC,11,192,312,2906,9.3,9.4,22,9,157.3,41,-55,-1.3
2009,4,,Florida,SEC,14,213,314,2895,9.2,9.8,21,5,164.2,217,910,4.2
2009,5,,Arkansas,SEC,13,225,403,3624,9.0,9.7,30,7,152.5,58,-29,-0.5
2009,6,,Stanford,Pac-10,12,162,288,2575,8.9,9.2,13,4,143.5,61,354,5.8
2009,7,Jimmy Clausen,Notre Dame,Ind,12,289,425,3722,8.8,9.7,28,4,161.4,59,-95,-1.6
2009,8,,Brigham Young,MWC,13,275,409,3560,8.7,8.8,33,14,160.1,72,75,1.0
2009,9,,South Florida,Big East,13,122,227,1983,8.7,8.2,14,9,139.5,175,772,4.4
2009,10,,Texas Christian,MWC,13,199,323,2756,8.5,8.8,23,8,151.8,116,512,4.4
2009,11,Joe Webb,Alabama-Birmingham,CUSA,12,162,271,2299,8.5,8.7,21,8,150.7,227,1427,6.3
2009,12,,Troy,Sun Belt,13,321,504,4254,8.4,8.5,23,9,146.1,54,7,0.1
2009,13,,Miami (FL),ACC,13,242,406,3352,8.3,7.6,24,17,140.1,48,-219,-4.6
2009,14,,Fresno State,WAC,13,181,298,2459,8.3,7.9,19,11,143.7,66,171,2.6
2010,1,,Auburn,SEC,14,185,280,2854,10.2,11.2,30,7,182.0,264,1473,5.6
2010,2,,Boise State,WAC,13,273,383,3845,10.0,11.2,35,6,182.6,19,-32,-1.7
2010,3,,Alabama,SEC,13,222,313,2987,9.5,10.1,20,5,169.0,60,-12,-0.2
2010,4,,Arkansas,SEC,13,266,411,3869,9.4,9.7,32,12,163.6,44,-74,-1.7
2010,5,,Wisconsin,Big Ten,13,194,266,2459,9.2,9.4,16,6,165.9,30,-30,-1.0
2010,6,,Hawaii,WAC,14,361,555,5040,9.1,9.3,39,15,159.1,81,102,1.3
2010,7,,San Diego State,MWC,13,243,421,3830,9.1,8.9,28,14,149.4,19,-31,-1.6
2010,8,,Central Florida,CUSA,14,159,238,2159,9.1,8.7,13,8,154.3,152,566,3.7
2010,9,,Central Florida,CUSA,14,159,238,2159,9.1,8.7,13,8,154.3,152,566,3.7
2010,10,,Stanford,Pac-10,13,263,372,3338,9.0,9.7,32,8,170.2,55,453,8.2
2010,11,,Texas Christian,MWC,13,209,316,2857,9.0,9.9,27,6,166.5,86,435,5.1
2010,12,,Georgia,SEC,13,209,342,3049,8.9,9.3,24,8,154.5,87,167,1.9
2010,13,,South Carolina,SEC,14,224,349,3059,8.8,8.1,20,14,148.7,105,222,2.1
2010,14,,Michigan,Big Ten,13,182,291,2570,8.8,8.4,18,11,149.6,256,1702,6.6
2011,1,,Baylor,Big 12,13,291,402,4293,10.7,11.8,37,6,189.5,179,699,3.9
2011,2,,Wisconsin,Big Ten,14,225,309,3175,10.3,11.8,33,4,191.8,79,338,4.3
2011,3,,Houston,CUSA,14,428,603,5631,9.3,10.6,48,5,174.0,57,35,0.6
2011,4,,Air Force,MWC,13,111,183,1637,8.9,8.8,14,7,153.4,153,553,3.6
2011,5,,North Carolina,ACC,13,239,350,3086,8.8,8.6,26,13,159.4,57,-88,-1.5
2011,6,,Toledo,MAC,12,166,230,2022,8.8,9.8,18,3,169.2,41,209,5.1
2011,7,,Boise State,MWC,13,326,439,3800,8.7,9.7,43,9,175.2,20,-66,-3.3
2011,8,,Stanford,Pac-12,13,288,404,3517,8.7,9.4,37,10,169.7,47,150,3.2
2011,9,,Louisiana-Lafayette,Sun Belt,13,216,344,2958,8.6,9.2,23,6,153.6,118,486,4.1
2011,10,,Florida State,ACC,12,203,311,2666,8.6,8.6,18,8,151.2,110,151,1.4
2011,11,,Washington,Pac-12,13,242,362,3063,8.5,8.9,33,11,161.9,56,10,0.2
2011,12,,Texas Christian,MWC,13,228,343,2921,8.5,9.1,25,7,158.0,68,51,0.8
2011,13,,Florida,SEC,11,144,240,2044,8.5,8.1,11,7,140.8,25,-120,-4.8
2011,14,,Brigham Young,Ind,12,116,202,1717,8.5,8.8,19,7,152.9,88,392,4.5
2012,1,,Georgia,SEC,14,249,386,3893,10.1,10.8,36,10,174.8,59,-68,-1.2
2012,2,,Baylor,Big 12,13,286,464,4309,9.3,9.4,33,13,157.5,139,568,4.1
2012,3,,San Jose State,WAC,13,327,451,4193,9.3,9.9,33,9,170.8,42,-139,-3.3
2012,4,,Alabama,SEC,14,211,314,2933,9.3,10.8,30,3,175.3,49,4,0.1
2012,5,,Clemson,ACC,13,287,427,3896,9.1,9.4,36,13,165.6,186,514,2.8
2012,6,,Louisiana-Lafayette,Sun Belt,13,206,315,2847,9.0,8.8,17,9,153.4,119,769,6.5
2012,7,,Louisville,Big East,13,287,419,3718,8.9,9.3,27,8,160.5,74,26,0.4
2012,8,,Florida State,ACC,14,263,387,3397,8.8,8.8,23,10,156.1,103,310,3.0
2012,9,,Kansas State,Big 12,13,197,304,2641,8.7,8.4,16,9,149.2,207,920,4.4
2012,10,Brett Smith,Wyoming,MWC,10,205,330,2837,8.6,9.4,27,6,157.7,114,248,2.2
2012,11,,South Carolina,SEC,11,154,228,1956,8.6,8.7,17,7,158.1,131,435,3.3
2012,12,,Texas A&M,SEC,13,295,434,3706,8.5,8.8,26,9,155.3,201,1410,7.0
2012,13,,Southern California,Pac-12,11,246,387,3273,8.5,8.6,36,15,157.6,25,-72,-2.9
2012,14,,Arizona State,Pac-12,13,241,359,3039,8.5,9.0,29,9,159.9,134,516,3.9
2013,1,,Florida State,ACC,14,257,384,4057,10.6,11.5,40,10,184.8,88,219,2.5
2013,2,,Baylor,Big 12,13,250,403,4200,10.4,11.7,32,3,174.3,94,209,2.2
2013,3,,Louisiana State,SEC,12,192,296,3082,10.4,10.7,22,8,171.4,34,-133,-3.9
2013,4,,Texas A&M,SEC,13,300,429,4114,9.6,10.0,37,13,172.9,144,759,5.3
2013,5,,Oregon,Pac-12,13,245,386,3665,9.5,10.6,31,4,167.7,96,715,7.4
2013,6,,Kansas State,Big 12,13,159,260,2469,9.5,9.3,18,9,156.8,118,312,2.6
2013,7,,Central Florida,American,13,259,382,3581,9.4,9.6,25,9,163.4,87,272,3.1
2013,8,,Bowling Green State,MAC,14,237,369,3467,9.4,9.9,25,7,161.7,117,238,2.0
2013,9,,Louisville,American,13,303,427,3970,9.3,10.3,31,4,171.1,63,78,1.2
2013,10,,Clemson,ACC,13,283,413,3851,9.3,9.8,34,11,168.7,154,400,2.6
2013,11,,Alabama,SEC,13,226,336,3063,9.1,9.8,28,7,167.2,34,-22,-0.6
2013,12,,Louisiana-Lafayette,Sun Belt,12,166,266,2419,9.1,8.5,19,12,153.3,131,442,3.4
2013,13,,Georgia,SEC,11,225,347,3075,8.9,9.2,26,9,158.8,53,186,3.5
2013,14,,Stanford,Pac-12,14,180,295,2630,8.9,8.7,20,10,151.5,84,355,4.2
2014,1,,Oregon,Pac-12,15,304,445,4454,10.0,11.5,42,4,181.7,135,770,5.7
2014,2,,Colorado State,MWC,13,270,420,4006,9.5,10.3,32,7,166.2,57,-46,-0.8
2014,3,,Western Michigan,MAC,13,250,368,3443,9.4,9.5,26,10,164.4,78,264,3.4
2014,4,,Baylor,Big 12,12,270,428,3855,9.0,9.6,29,7,157.8,84,101,1.2
2014,5,,Ohio State,Big Ten,12,203,314,2834,9.0,9.8,34,10,169.8,171,938,5.5
2014,6,,Boise State,MWC,14,294,415,3696,8.9,8.5,23,14,157.2,155,592,3.8
2014,7,,Alabama,SEC,14,252,391,3487,8.9,9.2,28,10,157.9,83,350,4.2
2014,8,,Western Kentucky,CUSA,13,375,552,4830,8.8,9.7,49,10,167.1,39,-52,-1.3
2014,9,,Kansas State,Big 12,13,262,397,3501,8.8,9.1,22,7,154.8,154,484,3.1
2014,10,,Michigan State,Big Ten,13,212,365,3214,8.8,9.1,24,8,149.4,51,80,1.6
2014,11,,Marshall,CUSA,14,267,451,3903,8.7,9.1,40,13,155.4,94,482,5.1
2014,12,,Mississippi State,SEC,13,244,396,3449,8.7,8.8,27,11,151.7,210,986,4.7
2014,13,,Rutgers,Big Ten,13,187,327,2851,8.7,8.4,22,12,145.3,45,-5,-0.1
2014,14,,Rice,CUSA,13,191,331,2842,8.6,8.9,24,8,148.9,121,401,3.3
2015,1,,Baylor,Big 12,7,119,200,2104,10.5,12.1,29,6,189.7,49,402,8.2
2015,2,,Oregon,Pac-12,10,168,259,2643,10.2,11.2,26,6,179.1,83,147,1.8
2015,3,,Western Kentucky,CUSA,14,388,540,5055,9.4,10.4,48,9,176.5,27,-122,-4.5
2015,4,,Oklahoma,Big 12,13,269,395,3700,9.4,10.4,36,7,173.3,141,405,2.9
2015,5,,Stanford,Pac-12,14,206,304,2867,9.4,10.0,27,8,171.0,85,336,4.0
2015,6,,Arkansas,SEC,13,244,370,3440,9.3,9.9,30,8,166.5,55,110,2.0
2015,7,,Georgia State,Sun Belt,13,307,486,4368,9.0,9.0,28,12,152.7,61,-95,-1.6
2015,8,,Louisiana Tech,CUSA,13,279,448,4026,9.0,9.4,27,8,154.1,92,323,3.5
2015,9,,Texas Christian,Big 12,11,256,395,3574,9.0,9.5,31,10,161.6,123,612,5.0
2015,10,,Western Michigan,MAC,13,262,391,3522,9.0,9.5,29,9,162.5,77,107,1.4
2015,11,,California,Pac-12,13,341,529,4714,8.9,9.4,43,13,161.2,56,-8,-0.1
2015,12,,Tulsa,American,13,305,485,4332,8.9,9.2,25,8,151.6,96,-9,-0.1
2015,13,,Oklahoma State,Big 12,13,264,424,3770,8.9,8.9,21,9,149.1,67,-35,-0.5
2015,14,,Mississippi,SEC,13,298,458,4042,8.8,8.9,31,13,155.9,106,509,4.8
2016,1,Baker Mayfield,Oklahoma,Big 12,13,254,358,3965,11.1,12.3,40,8,196.4,78,177,2.3
2016,2,Mike White,Western Kentucky,CUSA,14,280,416,4363,10.5,11.5,37,7,181.4,29,-74,-2.6
2016,3,Logan Woodside,Toledo,MAC,13,289,418,4129,9.9,11.1,45,9,183.3,37,-40,-1.1
2016,4,Nick Stevens,Colorado State,MWC,10,128,200,1933,9.7,10.4,19,5,171.5,15,53,3.5
2016,5,Zach Terrell,Western Michigan,MAC,14,263,377,3533,9.4,10.6,33,4,175.2,80,249,3.1
2016,6,Ryan Higgins,Louisiana Tech,CUSA,13,329,496,4617,9.3,10.2,41,8,168.6,88,277,3.1
2016,7,Brett Rypien,Boise State,MWC,13,244,394,3646,9.3,9.6,24,8,155.7,48,-16,-0.3
2016,8,Trace McSorley,Penn State,Big Ten,14,224,387,3614,9.3,9.9,29,8,156.9,146,365,2.5
2016,9,Nathan Peterman,Pittsburgh,ACC,13,185,306,2855,9.3,10.1,27,7,163.4,72,286,4.0
2016,10,Mason Rudolph,Oklahoma State,Big 12,13,284,448,4091,9.1,10.0,28,4,158.9,83,61,0.7
2016,11,Jake Browning,Washington,Pac-12,14,243,391,3430,8.8,9.9,43,9,167.5,65,45,0.7
2016,12,Lamar Jackson,Louisville,ACC,13,230,409,3543,8.7,9.1,30,9,148.8,260,1571,6.0
2016,13,Austin Allen,Arkansas,SEC,13,245,401,3430,8.6,8.1,25,15,146.0,65,-126,-1.9
2016,14,Josh Allen,Wyoming,MWC,14,209,373,3203,8.6,8.3,28,15,144.9,142,523,3.7
